row,source_file,field,code,message,raw_record
4,D:\Python Internship\week-03\automated-data-pipeline\sample_data\customers.csv,email,invalid_email,email 'not-an-email' is not a valid email address,"{""id"": ""1004"", ""name"": ""Bad Email Row"", ""email"": ""not-an-email"", ""age"": ""22"", ""country"": ""de"", ""signup_date"": ""2023-04-10"", ""amount"": ""50.00"", ""currency"": ""EUR""}"
5,D:\Python Internship\week-03\automated-data-pipeline\sample_data\customers.csv,age,missing_field,Required field 'age' is missing or blank,"{""id"": ""1005"", ""name"": ""No Age Row"", ""email"": ""noage@example.com"", ""age"": """", ""country"": ""fr"", ""signup_date"": ""2023-05-01"", ""amount"": ""75.00"", ""currency"": ""EUR""}"
6,D:\Python Internship\week-03\automated-data-pipeline\sample_data\customers.csv,signup_date,future_date,signup_date '2099-01-01' is in the future,"{""id"": ""1006"", ""name"": ""Future Date Row"", ""email"": ""future@example.com"", ""age"": ""30"", ""country"": ""tr"", ""signup_date"": ""2099-01-01"", ""amount"": ""60.00"", ""currency"": ""TRY""}"
7,D:\Python Internship\week-03\automated-data-pipeline\sample_data\customers.csv,amount,negative_amount,amount -20.0 is negative,"{""id"": ""1007"", ""name"": ""Negative Amount"", ""email"": ""neg@example.com"", ""age"": ""45"", ""country"": ""us"", ""signup_date"": ""2023-06-01"", ""amount"": ""-20.00"", ""currency"": ""USD""}"
10,D:\Python Internship\week-03\automated-data-pipeline\sample_data\customers.csv,name,missing_field,Required field 'name' is missing or blank,"{""id"": ""1010"", ""name"": """", ""email"": ""missingname@example.com"", ""age"": ""50"", ""country"": ""us"", ""signup_date"": ""2023-02-02"", ""amount"": ""25.00"", ""currency"": ""USD""}"
12,D:\Python Internship\week-03\automated-data-pipeline\sample_data\customers.csv,age,age_out_of_range,"age 150 is outside allowed range [0, 120]","{""id"": ""1012"", ""name"": ""Out Of Range Age"", ""email"": ""rangeage@example.com"", ""age"": ""150"", ""country"": ""us"", ""signup_date"": ""2023-08-08"", ""amount"": ""12.00"", ""currency"": ""USD""}"
3,D:\Python Internship\week-03\automated-data-pipeline\sample_data\customers.json,email,invalid_email,email 'broken@@example.com' is not a valid email address,"{""id"": 2003, ""name"": ""Broken Row"", ""email"": ""broken@@example.com"", ""age"": 40, ""country"": ""us"", ""signup_date"": ""2023-11-01"", ""amount"": 99.99, ""currency"": ""USD""}"
4,D:\Python Internship\week-03\automated-data-pipeline\sample_data\customers.json,id,invalid_id,id 'not-an-id' is not a non-negative integer,"{""id"": ""not-an-id"", ""name"": ""Bad Id Row"", ""email"": ""badid@example.com"", ""age"": 25, ""country"": ""us"", ""signup_date"": ""2023-11-05"", ""amount"": 10.0, ""currency"": ""USD""}"
8,D:\Python Internship\week-03\automated-data-pipeline\sample_data\customers.csv,id,duplicate_id,"Duplicate id '1002' - keeping first occurrence, dropping this one","{""id"": ""1002"", ""name"": ""John Smith Duplicate"", ""email"": ""john.smith@example.com"", ""age"": ""29"", ""country"": ""gb"", ""signup_date"": ""01/22/2023"", ""amount"": ""89.50"", ""currency"": ""GBP""}"
